[
  {
    "customerName": "Ravi Mehla",
    "email": "www.mehla00007@gmail.com",
    "phone": "9034298598",
    "profession": "IT Developer",
    "memberCount": "1",
    "BookingId": "zd7gn2lub1",
    "PropertyId": "i3"
  },
  {
    "customerName": "Sarita Choudhary",
    "email": "jahangirmehla007@gmail.com",
    "phone": "09772245104",
    "profession": "IT Developer",
    "memberCount": "2",
    "BookingId": "wjucc5fp51",
    "PropertyId": "i3"
  },
  {
    "customerName": "amna",
    "email": "amna@gmail.com",
    "phone": "09772245104",
    "profession": "Teaching",
    "memberCount": "2",
    "BookingId": "ci9hciz0dx",
    "PropertyId": "i2"
  },
  {
    "customerName": "Ravi Mehla",
    "email": "www.mehla007@gmail.com",
    "phone": "09034298598",
    "profession": "Teaching",
    "memberCount": "2",
    "BookingId": "vpjhj6qad6",
    "PropertyId": "i3"
  },
  {
    "customerName": "Sarita Choudhary",
    "email": "jahangirmehla007@gmail.com",
    "phone": "09772245104",
    "profession": "farmer",
    "memberCount": "2",
    "BookingId": "mee6x6nq4e",
    "PropertyId": "i3"
  },
  {
    "customerName": "preeta",
    "email": "preetaNeetu@gmail.com",
    "phone": "98736423798",
    "profession": "madam",
    "memberCount": "2",
    "BookingId": "c2ve20ew7v",
    "PropertyId": "i2"
  }
]