[
  {
    "fullName": "Ravi Mehla",
    "fatherName": "sardul singh",
    "motherName": "bhagwanti devi",
    "mobileNum": "9034298598",
    "idType": "aadhar",
    "idNumber": "258629425454",
    "id": "A8p2j3rkvy"
  },
  {
    "fullName": "neeraj",
    "fatherName": "sanjay",
    "motherName": "silochana",
    "mobileNum": "02354987375",
    "idType": "driving_license",
    "idNumber": "3874538563726",
    "id": "Apon8zkb8y"
  },
  {
    "fullName": "sita",
    "fatherName": "ramniwas",
    "motherName": "tarawati",
    "mobileNum": "934857656",
    "idType": "aadhar",
    "idNumber": "9274856890989",
    "id": "Aqx2fidor9"
  },
  {
    "fullName": "amna",
    "fatherName": "om",
    "motherName": "maina",
    "mobileNum": "92563256387",
    "idType": "aadhar",
    "idNumber": "92743856328465",
    "id": "Amacy4dwqr"
  },
  {
    "fullName": "preet",
    "fatherName": "ram",
    "motherName": "tara",
    "mobileNum": "9874323847",
    "idType": "aadhar",
    "idNumber": "9876234093874",
    "id": "Ai1rdep34f"
  },
  {
    "fullName": "joker",
    "fatherName": "joker father",
    "motherName": "joker mohter",
    "mobileNum": "9873464786",
    "idType": "aadhar",
    "idNumber": "20378456437567",
    "id": "Ac3jvaxtuq"
  },
  {
    "fullName": "Prem Dhillon",
    "fatherName": "XYZ singh",
    "motherName": "abc kaur",
    "mobileNum": "9348784983",
    "idType": "aadhar",
    "idNumber": "9874358435673848",
    "id": "A3l5l86srd"
  }
]