[
  {
    "username": "rvi_mehla",
    "email": "www.mehla007@gmail.com",
    "password": "Cooler",
    "id": "A8p2j3rkvy"
  },
  {
    "username": "neeraj",
    "email": "neerajmehla007@gmail.com",
    "password": "ksjdfhasuf",
    "id": "Apon8zkb8y"
  },
  {
    "username": "sita",
    "email": "sitasaharan@gmail.com",
    "password": "aksjdhfasfhg",
    "id": "Aqx2fidor9"
  },
  {
    "username": "amna",
    "email": "amna@gmail.com",
    "password": "owieurytwfhg",
    "id": "Amacy4dwqr"
  },
  {
    "username": "prita",
    "email": "preetaNeetu@gmail.com",
    "password": "klsjfdhsahf",
    "id": "Ai1rdep34f"
  },
  {
    "username": "joker",
    "email": "joker@gmail.com",
    "password": "joker",
    "id": "Ac3jvaxtuq"
  },
  {
    "username": "Prem Dhillon",
    "email": "premOg@gmail.com",
    "password": "Cooler@007",
    "id": "A3l5l86srd"
  }
]