[
  {
    "id": "i2",
    "title": "Serenity Cottage in Ooty",
    "image": {
      "src": "ooty-cottage.jpg",
      "alt": "Tranquil cottage nestled amidst lush greenery in Ooty."
    },
    "city": "Ooty",
    "lat": 11.4064,
    "lon": 76.6932,
    "price_per_month": 35000,
    "rooms_available": 4,
    "amenities": ["Free Wi-Fi", "Mountain View", "Pet-friendly"]
  },
  {
    "id": "i3",
    "title": "Seaside Villa in Goa",
    "image": {
      "src": "goa-villa.jpg",
      "alt": "Luxurious villa with a stunning view of the sea in Goa."
    },
    "city": "Goa",
    "lat": 15.2993,
    "lon": 74.124,
    "price_per_month": 60000,
    "rooms_available": 6,
    "amenities": ["Infinity Pool", "Private Beach Access", "Gourmet Kitchen"]
  },
  {
    "id": "i4",
    "title": "Mountain Chalet in Manali",
    "image": {
      "src": "manali-chalet.jpg",
      "alt": "Cozy chalet nestled amidst snow-capped mountains in Manali."
    },
    "city": "Manali",
    "lat": 32.2396,
    "lon": 77.1887,
    "price_per_month": 45000,
    "rooms_available": 3,
    "amenities": ["Fireplace", "Scenic Balcony", "Skiing Access"]
  },
  {
    "id": "i5",
    "title": "Riverside Retreat in Rishikesh",
    "image": {
      "src": "rishikesh-retreat.jpg",
      "alt": "Tranquil retreat overlooking the Ganges river in Rishikesh."
    },
    "city": "Rishikesh",
    "lat": 30.0869,
    "lon": 78.2676,
    "price_per_month": 30000,
    "rooms_available": 7,
    "amenities": ["Yoga Deck", "River Rafting", "Ayurvedic Spa"]
  },
  {
    "id": "i6",
    "title": "Desert Oasis in Jaisalmer",
    "image": {
      "src": "jaisalmer-oasis.jpg",
      "alt": "Tranquil oasis amidst the desert dunes in Jaisalmer."
    },
    "city": "Jaisalmer",
    "lat": 26.9157,
    "lon": 70.9083,
    "price_per_month": 50000,
    "rooms_available": 5,
    "amenities": ["Camel Safari", "Star Gazing", "Traditional Cuisine"]
  },
  {
    "id": "i7",
    "title": "Hilltop Bungalow in Shimla",
    "image": {
      "src": "shimla-bungalow.jpg",
      "alt": "Charming bungalow perched on a hilltop in Shimla."
    },
    "city": "Shimla",
    "lat": 31.1048,
    "lon": 77.1734,
    "price_per_month": 40000,
    "rooms_available": 4,
    "amenities": ["Panoramic View", "Open Air Jacuzzi", "Bonfire Nights"]
  },
  {
    "id": "i8",
    "title": "Lakeside Cabin in Nainital",
    "image": {
      "src": "nainital-cabin.jpg",
      "alt": "Cozy cabin overlooking a serene lake in Nainital."
    },
    "city": "Nainital",
    "lat": 29.3805,
    "lon": 79.4636,
    "price_per_month": 38000,
    "rooms_available": 3,
    "amenities": ["Boating Dock", "Fishing Excursions", "Birdwatching"]
  },
  {
    "id": "i9",
    "title": "Luxury Apartment in Mumbai",
    "image": {
      "src": "mumbai-apartment.jpg",
      "alt": "Modern apartment with breathtaking city views in Mumbai."
    },
    "city": "Mumbai",
    "lat": 19.076,
    "lon": 72.8777,
    "price_per_month": 80000,
    "rooms_available": 2,
    "amenities": ["24/7 Security", "Fitness Center", "Concierge Service"]
  },
  {
    "id": "i10",
    "title": "Forest Lodge in Munnar",
    "image": {
      "src": "munnar-lodge.jpg",
      "alt": "Tranquil lodge nestled amidst lush forests in Munnar."
    },
    "city": "Munnar",
    "lat": 10.0889,
    "lon": 77.0595,
    "price_per_month": 32000,
    "rooms_available": 6,
    "amenities": ["Nature Trails", "Birdwatching", "Campfire Nights"]
  },
  {
    "id": "i11",
    "title": "Historic Mansion in Jaipur",
    "image": {
      "src": "jaipur-mansion.jpg",
      "alt": "Grand mansion showcasing the rich heritage of Jaipur."
    },
    "city": "Jaipur",
    "lat": 26.9124,
    "lon": 75.7873,
    "price_per_month": 55000,
    "rooms_available": 5,
    "amenities": [
      "Rajasthani Cuisine",
      "Cultural Performances",
      "Heritage Walks"
    ]
  },
  {
    "id": "i12",
    "title": "Beachfront House in Kerala",
    "image": {
      "src": "kerala-house.jpg",
      "alt": "Idyllic house with direct access to a pristine beach in Kerala."
    },
    "city": "Kerala",
    "lat": 10.8505,
    "lon": 76.2711,
    "price_per_month": 70000,
    "rooms_available": 4,
    "amenities": ["Private Beach Access", "Infinity Pool", "Ayurvedic Spa"]
  },
  {
    "id": "i13",
    "title": "Lakeside Retreat in Udaipur",
    "image": {
      "src": "udaipur-retreat.jpg",
      "alt": "Tranquil retreat overlooking a serene lake in Udaipur."
    },
    "city": "Udaipur",
    "lat": 24.5854,
    "lon": 73.7125,
    "price_per_month": 48000,
    "rooms_available": 5,
    "amenities": ["Boat Tours", "Rooftop Dining", "Spa Facilities"]
  },
  {
    "id": "i14",
    "title": "Countryside Farmhouse in Punjab",
    "image": {
      "src": "punjab-farmhouse.jpg",
      "alt": "Charming farmhouse nestled amidst lush fields in Punjab."
    },
    "city": "Punjab",
    "lat": 31.1471,
    "lon": 75.3412,
    "price_per_month": 42000,
    "rooms_available": 4,
    "amenities": [
      "Organic Farm Tours",
      "Traditional Punjabi Meals",
      "Cycling Trails"
    ]
  },
  {
    "id": "i15",
    "title": "Cosy Cabin in Darjeeling",
    "image": {
      "src": "darjeeling-cabin.jpg",
      "alt": "Warm cabin with panoramic views of the Darjeeling hills."
    },
    "city": "Darjeeling",
    "lat": 27.0476,
    "lon": 88.2636,
    "price_per_month": 38000,
    "rooms_available": 3,
    "amenities": ["Tea Garden Tours", "Mountain Trekking", "Cultural Shows"]
  },
  {
    "id": "i16",
    "title": "Lakeview Villa in Pokhara",
    "image": {
      "src": "pokhara-villa.jpg",
      "alt": "Luxurious villa offering breathtaking views of Lake Phewa in Pokhara."
    },
    "city": "Pokhara",
    "lat": 28.2639,
    "lon": 83.9724,
    "price_per_month": 55000,
    "rooms_available": 4,
    "amenities": ["Infinity Pool", "Boating Excursions", "Private Chef"]
  },
  {
    "id": "i17",
    "title": "Rustic Cabin in Himachal Pradesh",
    "image": {
      "src": "himachal-cabin.jpg",
      "alt": "Cozy cabin nestled amidst the scenic beauty of Himachal Pradesh."
    },
    "city": "Himachal Pradesh",
    "lat": 31.1048,
    "lon": 77.1734,
    "price_per_month": 32000,
    "rooms_available": 3,
    "amenities": ["Nature Walks", "Bonfire Nights", "Mountain Biking"]
  },
  {
    "id": "i18",
    "title": "Vineyard Retreat in Nashik",
    "image": {
      "src": "nashik-retreat.jpg",
      "alt": "Tranquil retreat amidst sprawling vineyards in Nashik."
    },
    "city": "Nashik",
    "lat": 20.0112,
    "lon": 73.7909,
    "price_per_month": 45000,
    "rooms_available": 5,
    "amenities": ["Wine Tasting", "Vineyard Tours", "Private Chef"]
  },
  {
    "id": "i19",
    "title": "Artistic Studio in Pondicherry",
    "image": {
      "src": "pondicherry-studio.jpg",
      "alt": "Chic studio apartment inspired by the artistic vibe of Pondicherry."
    },
    "city": "Pondicherry",
    "lat": 11.9139,
    "lon": 79.8145,
    "price_per_month": 30000,
    "rooms_available": 2,
    "amenities": ["Art Workshops", "Café Lounge", "Bicycle Rentals"]
  },
  {
    "id": "i20",
    "title": "Mountain View Chalet in Switzerland",
    "image": {
      "src": "switzerland-chalet.jpg",
      "alt": "Luxurious chalet offering stunning views of the Swiss Alps."
    },
    "city": "Switzerland",
    "lat": 46.8182,
    "lon": 8.2275,
    "price_per_month": 100000,
    "rooms_available": 4,
    "amenities": ["Skiing Access", "Private Chef", "Helicopter Tours"]
  },
  {
    "id": "i21",
    "title": "Beachfront Bungalow in Maldives",
    "image": {
      "src": "maldives-bungalow.jpg",
      "alt": "Exquisite bungalow with direct access to the turquoise waters of the Maldives."
    },
    "city": "Maldives",
    "lat": 3.2028,
    "lon": 73.2207,
    "price_per_month": 120000,
    "rooms_available": 5,
    "amenities": [
      "Private Beach Access",
      "Overwater Hammocks",
      "Snorkeling Trips"
    ]
  },
  {
    "id": "i22",
    "title": "Safari Lodge in Kenya",
    "image": {
      "src": "kenya-lodge.jpg",
      "alt": "Safari lodge nestled in the heart of the Kenyan wilderness."
    },
    "city": "Kenya",
    "lat": -0.0236,
    "lon": 37.9062,
    "price_per_month": 90000,
    "rooms_available": 6,
    "amenities": ["Game Drives", "Bush Dinners", "Sundowner Cocktails"]
  },
  {
    "id": "i23",
    "title": "Historic Riad in Morocco",
    "image": {
      "src": "morocco-riad.jpg",
      "alt": "Exquisite riad showcasing Moroccan architecture and design."
    },
    "city": "Morocco",
    "lat": 31.7917,
    "lon": -7.0926,
    "price_per_month": 70000,
    "rooms_available": 4,
    "amenities": ["Courtyard Pool", "Traditional Hammam", "Mint Tea Service"]
  },
  {
    "id": "i24",
    "title": "Luxury Villa in Santorini",
    "image": {
      "src": "santorini-villa.jpg",
      "alt": "Elegant villa perched on the cliffs of Santorini with breathtaking views."
    },
    "city": "Santorini",
    "lat": 36.3932,
    "lon": 25.4615,
    "price_per_month": 150000,
    "rooms_available": 3,
    "amenities": ["Infinity Pool", "Private Chef", "Sunset Yoga Sessions"]
  },
  {
    "id": "i25",
    "title": "Mountain Lodge in New Zealand",
    "image": {
      "src": "newzealand-lodge.jpg",
      "alt": "Cosy lodge nestled amidst the majestic mountains of New Zealand."
    },
    "city": "New Zealand",
    "lat": -42.7343,
    "lon": 170.098,
    "price_per_month": 80000,
    "rooms_available": 4,
    "amenities": ["Hiking Trails", "Hot Springs", "Stargazing Tours"]
  },
  {
    "id": "i26",
    "title": "Cliffside Retreat in Bali",
    "image": {
      "src": "bali-retreat.jpg",
      "alt": "Tranquil retreat perched on a cliff overlooking the ocean in Bali."
    },
    "city": "Bali",
    "lat": -8.3405,
    "lon": 115.092,
    "price_per_month": 95000,
    "rooms_available": 6,
    "amenities": [
      "Ocean View Infinity Pool",
      "Private Yoga Sessions",
      "Balinese Spa"
    ]
  },
  {
    "id": "i27",
    "title": "Treehouse Hideaway in Costa Rica",
    "image": {
      "src": "costarica-treehouse.jpg",
      "alt": "Enchanting treehouse nestled amidst the lush rainforest of Costa Rica."
    },
    "city": "Costa Rica",
    "lat": 9.7489,
    "lon": -83.7534,
    "price_per_month": 70000,
    "rooms_available": 5,
    "amenities": ["Canopy Tours", "Wildlife Spotting", "Private Chef"]
  },
  {
    "id": "i28",
    "title": "Rural Farmstay in Tuscany",
    "image": {
      "src": "tuscany-farmstay.jpg",
      "alt": "Charming farmhouse surrounded by vineyards and olive groves in Tuscany."
    },
    "city": "Tuscany",
    "lat": 43.7711,
    "lon": 11.2486,
    "price_per_month": 120000,
    "rooms_available": 7,
    "amenities": ["Wine Tasting", "Cooking Classes", "Cycling Tours"]
  },
  {
    "id": "i29",
    "title": "Rustic Cabin in the Canadian Rockies",
    "image": {
      "src": "canadian-rockies-cabin.jpg",
      "alt": "Cozy cabin nestled in the breathtaking scenery of the Canadian Rockies."
    },
    "city": "Canadian Rockies",
    "lat": 51.4254,
    "lon": -116.177,
    "price_per_month": 90000,
    "rooms_available": 4,
    "amenities": ["Hiking Trails", "Skiing Access", "Wildlife Viewing"]
  },
  {
    "id": "i30",
    "title": "Historic Castle in Scotland",
    "image": {
      "src": "scotland-castle.jpg",
      "alt": "Grand castle steeped in history amidst the scenic landscapes of Scotland."
    },
    "city": "Scotland",
    "lat": 56.4907,
    "lon": -4.2026,
    "price_per_month": 200000,
    "rooms_available": 10,
    "amenities": ["Castle Tours", "Whisky Tasting", "Highland Games"]
  },
  {
    "id": "i32",
    "title": "Haryana Boys and Girls PG, Sirsa",
    "image": {
      "src": "scotland-castle.jpg",
      "alt": "Grand castle steeped in history amidst the scenic landscapes of Scotland."
    },
    "city": "Sirsa",
    "lat": 29.5321,
    "lon": 75.0318,
    "price_per_month": 8000,
    "rooms_available": 12,
    "amenities": ["Castle Tours", "Whisky Tasting", "Highland Games"]
  },
  {
    "id": "A8p2j3rkvy",
    "title": "New Pg",
    "image": {
      "src": "newpg.jpg",
      "alt": "pg photo"
    },
    "city": "Nohar",
    "lat": 28,
    "lon": 78,
    "price_per_month": 1900,
    "rooms_available": 10,
    "amenities": ["Ac", "Cooler", "Meal", "Movie"]
  },
  {
    "id": "7zgqupbqs",
    "OwnerId": "A8p2j3rkvy",
    "title": "MSI PG Rania",
    "image": {
      "src": "raniapg",
      "alt": "raniaimage.jpg"
    },
    "city": "Rania",
    "lat": 28,
    "lon": 89,
    "price_per_month": 2000,
    "rooms_available": 12,
    "amenities": ["Just Hall", "Outdoor Stadium"]
  },
  {
    "id": "ci58wyu0q",
    "OwnerId": "A8p2j3rkvy",
    "title": "Joker PG",
    "image": {
      "src": "pg joker.img",
      "alt": "4thimg"
    },
    "city": "Ganganagr",
    "lat": 28,
    "lon": 78,
    "price_per_month": 2300,
    "rooms_available": 16,
    "amenities": ["Ac", "Hall", "Badminton", "Track"]
  },
  {
    "id": "ws3b57yex",
    "OwnerId": "A8p2j3rkvy",
    "title": "WarHouse Boys PG",
    "image": {
      "src": "image4.jpg",
      "alt": "new pg boys"
    },
    "city": "Hisar",
    "lat": 34,
    "lon": 79,
    "price_per_month": 2000,
    "rooms_available": 12,
    "amenities": ["Desi Khana", "Akhada", "Playground"]
  }
]
